AH003423.2,MGREVGYFTEGRLK,1642.8764,4.8500000000000005
AH003423.2,M,149.2113,0.0
X83915.1,MR,305.39699999999993,-32.7
X83915.1,MSYKLTYFSIRGKFSF,1975.3117000000002,20.918749999999996
X83915.1,MVKMKWKRHILICSVRVSVIYTSNTHE,3259.9109000000003,56.96296296296294
X83915.1,MEMGNSE,796.8665,23.957142857142863
M99422.1,MKNSSWAWTFPICPT,1769.0510000000004,36.04
X68304.1,MRRWMATSAFCPSKSISLETISPSPTCSICPTVPW,3872.5372000000007,102.38285714285713
U38482.1,MN,263.3139,5.0
HQ661038.1,MVSKFPASACD,1155.3443,101.56363636363638
KU950442.1,MAGEGVKLLGYWASPFALRVKWALRLKGVEYEYQEEHLPNKSHLLLQSNPVHKKIPVLIHNGKPIAESLVILEYIDEVWKQNPLLPEDPRERAKARFWAKFADEKCVPAIMSTFSKEGEEQEKSAKEARECLKYLESGLNGKCYFGSDKIGFTDVAAAWIGIWGRMVGEIVNIKLIDEDAMPVLASWLHSVLEDPVLGECVPPYQTLLEHNKSFQKILLSKNSQKN,25673.389900000016,44.35221238938052
JF915552.1,MADEVVLLDTYVSMFGMRVRFALAEKGIQYEYKEQDLMNKDPLLLQMNPIHKKIPVLIHNGKPICESLVIVQYIDEVWKDNSPLMPSDPYERAHARFWADYVDKKIYDTGRKIWTSKKEDQEAANKEFIECFKLLEEELGDKPYFGGESFGFVDMALIPYYTWFPAYEKFGNFNIEAECPKIVEWAKKCMQKESVSKSLADPDKVYNFIVMVRQKWGIALE,25910.64740000001,27.178733031674213
HF548530.1,MAPVKVFGPAMSTNVARVLVFLEEVGADYEVVDMDFKVMEHKSPEHLARNPFGQIPAFQDGDLLLFESRAISKYVLRKYKTGEVDLLREGNLKEAAMVDVWTEVDAHTYNPALSPIVYQCLFNPMMRGIPTDEKVVAESLEKLKKVLEVYEARLSQHEYLAGDFVSFADLNHFPYTFYFMATPHAALFGSYPHVKAWWERIMARPAIKKISATMVPPKA,24890.56720000001,23.23657534246573
AF321437.1,MAEERSVKLYGTWSSPYVLRVKLALKIKGIEYDYFEEDLANKSELLLQYNPVYKRVPVLVHNGLPISESSVILEYIDETWTDPPHLLPKDPYLRAKHRFWAAYLQQVAEMFGTSLVLKSQGKDIEDVVNEYWNKMDVAEELIRETFPYNEIPCFKDTIKPGYLDIILYSLVGTSDASEELFGFKPFIPERYPLLASWTKALSEVPEVKEVTPPKDKLIELLRTIRQMYLPSAPKA,27224.08960000003,48.38595744680852
AF251478.1,MG,206.2626,5.0
AF251478.1,MFSSVYSSQV,1134.2586999999996,51.70000000000001
AF251478.1,MNHSV,586.6614999999999,8.0
AF251478.1,MANNM,579.6904000000001,32.68
AF251478.1,MAPLWHGFKKTRLHTWSNGYYDFCNFMWLIGFHTI,4319.986299999999,17.062857142857144
AY987487.1,MRNDPGHFLLPIDDSERRPTLSHNAPERAANH,3664.9785,68.771875
EF123038.1,MSLKPITVYGHDLGPNPWKVIMILEELNIPYTHKIVDFPDMKKEPFESINPNGRVPAIEDPNTDITLWESGAIVEYLVDTYDKQNTISFAAGSKEYYLAKQWLHFQVSGQGPYFGQAVWFSRFHSEKVQSAIDRYVNEIRRVSGVLNRALQGKKYLVGDKFSYVDAAFVPWNLYPGQFGIDMEKEFPNVDAWSKLVQERPAIAKSVQDRADACARR,24738.808500000003,36.72175925925925
XM_057083922.1,MSGQGPYFGQAGWFAHLHHEDLPSARNRYLDETHRILGVLNGLLERKQWLVGDKCTFADLAFLLGNCRLNMFLGADPLEKNTLMSSPGTSAWNRARLGSDL,11287.718299999986,34.07920792079207
XM_057141126.1,MSLKPITLYGHGPGPNPWKVVMVLEELGIPYNPKNVALSDLKKEPYESVNPNGRVPAIEDPNTGITLWESGAILEYLVEKYDKDHKISFAAGSQDYFLAKQWLHFQMSGQGPYFGQAVWFTLYHSEKIQSAKDRYVNEIRRVSGVLNRELANKEYLVGGKFSYVDLAFIPWYRVTALFEIDLEKDYPNLNAWLNRQLARSAIAKAMKERDEVMAAAGR,24861.10380000002,33.210091743119264
XM_057091656.1,MSQPITVWLTPPGPNPWKVICVLEELQVPYNIHSFKFDDVKNPPFIDVNPNGRVPAIVDPNTNLTLWESGAIIQYLVDVYDTEKKLTYDTLNEKHLLNQYLHFQMSGQGPYFGQAGWFTQFHQEKLPSAMARYHAEVHRILGVLDGLLEGKEWLVGSKCTFADLAFLSWNTRVDMALATPAGEDPLEPYPNVRAWHRRMESRPSWKRSMEIRDRLMGEQGLQPNGMPKGLTNVAEYEAFMAKSPEEQQKYLDSQK,29278.012400000007,46.606666666666655
XM_057169062.1,MSEPITVWLTPPGPNSWKVICVLEELQVPYKIHSFKFDDVKKPPFIDVNPNGRVPAIVDPNTNLTLWESGAILQYLVDVYDTEKKLTYDTLNEKHLLNQYLHFQMSGQAPYFGQAGWFTHLHHEKLPSAIARYRGEIHRVMGVLDGILAGKEWLVGDKCTFADLAFLPWNLRVNMALETPYGEDPLEPYPNVQAWTQRMESRPSWKRSMEIRDRLMDEQGLQPNGMPKGITNMPEYEAFMAKSPEEQQKYLDSQK,29465.35130000001,45.07176470588236
XM_056726999.1,MSLKPITVWGHGPGPNPWKVIMILEELNIPYTHKIITFPDMKKEAYESINPNGRVPAIEDPNTDTTLWESGAIIEYLIDTYDKKNTISFDTGSKDYYLAKQWLHFQMSGQGPYFGQAVWFTRYHSEKLQSAIDRYLNEIRRVSGVLDRALQGKQYLVGDKFSYADVAFLPWYLVTIQFELDVEKDMAKAFPNVVAWLKRVQERPSIAKSVQDRAEASANH,25337.53740000001,39.57863636363636
XM_056652980.1,MSLQPIVVYGHGPGANPWKVNFVLEELNIPYTFKILEFADMKKEPYESINPNGRVPAIEDPNTGITLWESGAIIEYLVETYDKQNTISFAAGSKEYFHAKQWLHFQMSGQGPYFGQAVWFTRYHPEKVPSAQERYIKEIRRVSGVLNRWLADKEYLVGGKFSYVDSAFITWFEVTALVAIDLEQEFPHLYAWLSRQKARPAIAKVLQDRAEAVAAAHK,24988.158700000015,43.677522935779805
XM_056206893.1,MPNKLQFYFDCVSPWSYVAFNVIRRYQQKWNLDIDWCPASLSYVMKFSGNKPPLTVPNKGMQMSKELGLTKSMYGVDLRMPDAFPFDTFSLMGFLRGVKEREPAKLEQLIDAFVTAVWGEGRHVHTAEHIRDLAGPAFKGQEQDLDKLVEYAFSREARDLLKKEADQLVNNGAFGFPYVLHVSDLQLDGCDPCFRWKTDELFLAAFYGEPYAGPFANGITPRL,25480.904100000003,44.5162331838565
NM_074582.6,MANHSLSPTRWLVILLGNSGSTERADGKKLKSTPWPTSTKTITRRLVHTSL,5645.456300000001,42.90784313725489
AH003423.2,MGREVGYFTEGRLK,1642.8764,4.8500000000000005
AH003423.2,M,149.2113,0.0
X83915.1,MR,305.39699999999993,-32.7
X83915.1,MSYKLTYFSIRGKFSF,1975.3117000000002,20.918749999999996
X83915.1,MVKMKWKRHILICSVRVSVIYTSNTHE,3259.9109000000003,56.96296296296294
X83915.1,MEMGNSE,796.8665,23.957142857142863
M99422.1,MKNSSWAWTFPICPT,1769.0510000000004,36.04
X68304.1,MRRWMATSAFCPSKSISLETISPSPTCSICPTVPW,3872.5372000000007,102.38285714285713
U38482.1,MN,263.3139,5.0
HQ661038.1,MVSKFPASACD,1155.3443,101.56363636363638
KU950442.1,MAGEGVKLLGYWASPFALRVKWALRLKGVEYEYQEEHLPNKSHLLLQSNPVHKKIPVLIHNGKPIAESLVILEYIDEVWKQNPLLPEDPRERAKARFWAKFADEKCVPAIMSTFSKEGEEQEKSAKEARECLKYLESGLNGKCYFGSDKIGFTDVAAAWIGIWGRMVGEIVNIKLIDEDAMPVLASWLHSVLEDPVLGECVPPYQTLLEHNKSFQKILLSKNSQKN,25673.389900000016,44.35221238938052
JF915552.1,MADEVVLLDTYVSMFGMRVRFALAEKGIQYEYKEQDLMNKDPLLLQMNPIHKKIPVLIHNGKPICESLVIVQYIDEVWKDNSPLMPSDPYERAHARFWADYVDKKIYDTGRKIWTSKKEDQEAANKEFIECFKLLEEELGDKPYFGGESFGFVDMALIPYYTWFPAYEKFGNFNIEAECPKIVEWAKKCMQKESVSKSLADPDKVYNFIVMVRQKWGIALE,25910.64740000001,27.178733031674213
HF548530.1,MAPVKVFGPAMSTNVARVLVFLEEVGADYEVVDMDFKVMEHKSPEHLARNPFGQIPAFQDGDLLLFESRAISKYVLRKYKTGEVDLLREGNLKEAAMVDVWTEVDAHTYNPALSPIVYQCLFNPMMRGIPTDEKVVAESLEKLKKVLEVYEARLSQHEYLAGDFVSFADLNHFPYTFYFMATPHAALFGSYPHVKAWWERIMARPAIKKISATMVPPKA,24890.56720000001,23.23657534246573
AF321437.1,MAEERSVKLYGTWSSPYVLRVKLALKIKGIEYDYFEEDLANKSELLLQYNPVYKRVPVLVHNGLPISESSVILEYIDETWTDPPHLLPKDPYLRAKHRFWAAYLQQVAEMFGTSLVLKSQGKDIEDVVNEYWNKMDVAEELIRETFPYNEIPCFKDTIKPGYLDIILYSLVGTSDASEELFGFKPFIPERYPLLASWTKALSEVPEVKEVTPPKDKLIELLRTIRQMYLPSAPKA,27224.08960000003,48.38595744680852
AF251478.1,MG,206.2626,5.0
AF251478.1,MFSSVYSSQV,1134.2586999999996,51.70000000000001
AF251478.1,MNHSV,586.6614999999999,8.0
AF251478.1,MANNM,579.6904000000001,32.68
AF251478.1,MAPLWHGFKKTRLHTWSNGYYDFCNFMWLIGFHTI,4319.986299999999,17.062857142857144
AY987487.1,MRNDPGHFLLPIDDSERRPTLSHNAPERAANH,3664.9785,68.771875
EF123038.1,MSLKPITVYGHDLGPNPWKVIMILEELNIPYTHKIVDFPDMKKEPFESINPNGRVPAIEDPNTDITLWESGAIVEYLVDTYDKQNTISFAAGSKEYYLAKQWLHFQVSGQGPYFGQAVWFSRFHSEKVQSAIDRYVNEIRRVSGVLNRALQGKKYLVGDKFSYVDAAFVPWNLYPGQFGIDMEKEFPNVDAWSKLVQERPAIAKSVQDRADACARR,24738.808500000003,36.72175925925925
XM_057083922.1,MSGQGPYFGQAGWFAHLHHEDLPSARNRYLDETHRILGVLNGLLERKQWLVGDKCTFADLAFLLGNCRLNMFLGADPLEKNTLMSSPGTSAWNRARLGSDL,11287.718299999986,34.07920792079207
XM_057141126.1,MSLKPITLYGHGPGPNPWKVVMVLEELGIPYNPKNVALSDLKKEPYESVNPNGRVPAIEDPNTGITLWESGAILEYLVEKYDKDHKISFAAGSQDYFLAKQWLHFQMSGQGPYFGQAVWFTLYHSEKIQSAKDRYVNEIRRVSGVLNRELANKEYLVGGKFSYVDLAFIPWYRVTALFEIDLEKDYPNLNAWLNRQLARSAIAKAMKERDEVMAAAGR,24861.10380000002,33.210091743119264
XM_057091656.1,MSQPITVWLTPPGPNPWKVICVLEELQVPYNIHSFKFDDVKNPPFIDVNPNGRVPAIVDPNTNLTLWESGAIIQYLVDVYDTEKKLTYDTLNEKHLLNQYLHFQMSGQGPYFGQAGWFTQFHQEKLPSAMARYHAEVHRILGVLDGLLEGKEWLVGSKCTFADLAFLSWNTRVDMALATPAGEDPLEPYPNVRAWHRRMESRPSWKRSMEIRDRLMGEQGLQPNGMPKGLTNVAEYEAFMAKSPEEQQKYLDSQK,29278.012400000007,46.606666666666655
XM_057169062.1,MSEPITVWLTPPGPNSWKVICVLEELQVPYKIHSFKFDDVKKPPFIDVNPNGRVPAIVDPNTNLTLWESGAILQYLVDVYDTEKKLTYDTLNEKHLLNQYLHFQMSGQAPYFGQAGWFTHLHHEKLPSAIARYRGEIHRVMGVLDGILAGKEWLVGDKCTFADLAFLPWNLRVNMALETPYGEDPLEPYPNVQAWTQRMESRPSWKRSMEIRDRLMDEQGLQPNGMPKGITNMPEYEAFMAKSPEEQQKYLDSQK,29465.35130000001,45.07176470588236
XM_056726999.1,MSLKPITVWGHGPGPNPWKVIMILEELNIPYTHKIITFPDMKKEAYESINPNGRVPAIEDPNTDTTLWESGAIIEYLIDTYDKKNTISFDTGSKDYYLAKQWLHFQMSGQGPYFGQAVWFTRYHSEKLQSAIDRYLNEIRRVSGVLDRALQGKQYLVGDKFSYADVAFLPWYLVTIQFELDVEKDMAKAFPNVVAWLKRVQERPSIAKSVQDRAEASANH,25337.53740000001,39.57863636363636
XM_056652980.1,MSLQPIVVYGHGPGANPWKVNFVLEELNIPYTFKILEFADMKKEPYESINPNGRVPAIEDPNTGITLWESGAIIEYLVETYDKQNTISFAAGSKEYFHAKQWLHFQMSGQGPYFGQAVWFTRYHPEKVPSAQERYIKEIRRVSGVLNRWLADKEYLVGGKFSYVDSAFITWFEVTALVAIDLEQEFPHLYAWLSRQKARPAIAKVLQDRAEAVAAAHK,24988.158700000015,43.677522935779805
XM_056206893.1,MPNKLQFYFDCVSPWSYVAFNVIRRYQQKWNLDIDWCPASLSYVMKFSGNKPPLTVPNKGMQMSKELGLTKSMYGVDLRMPDAFPFDTFSLMGFLRGVKEREPAKLEQLIDAFVTAVWGEGRHVHTAEHIRDLAGPAFKGQEQDLDKLVEYAFSREARDLLKKEADQLVNNGAFGFPYVLHVSDLQLDGCDPCFRWKTDELFLAAFYGEPYAGPFANGITPRL,25480.904100000003,44.5162331838565
NM_074582.6,MANHSLSPTRWLVILLGNSGSTERADGKKLKSTPWPTSTKTITRRLVHTSL,5645.456300000001,42.90784313725489
